{"epochs": [0, 1, 2, 3, 4, 5, 6, 7, 8, 9, 10, 11, 12, 13, 14, 15, 16, 17, 18, 19, 20, 21, 22, 23, 24, 25, 26, 27, 28, 29], "loss": [33.74866578726372, 15.336662259945737, 12.958260844257087, 11.906197537745495, 11.124950099855598, 10.723378966357917, 10.399891810630685, 10.158210349743808, 9.926447114964793, 9.895832087185337, 9.717716335996128, 9.705013031135998, 9.502049549810414, 9.376054147667467, 9.555336582126902, 9.362051230757984, 9.242235200999897, 9.304585076598471, 9.229652906023363, 9.254194960156992, 9.126823219917476, 9.132364119548026, 9.108037002051054, 9.029164038741513, 9.044743566370721, 8.993197224541769, 8.883006798433088, 8.945141623523444, 8.990883351389025, 8.82445523276258], "val_loss": [25.2054443359375, 8.643888473510742, 14.820551872253418, 8.92618465423584, 12.165552139282227, 10.64505672454834, 12.314111709594727, 12.4667329788208, 4.524970054626465, 6.480940341949463, 4.766719341278076, 9.577770233154297, 9.254390716552734, 8.323410987854004, 10.67784309387207, 9.156232833862305, 3.8627548217773438, 6.489081382751465, 11.700883865356445, 6.79887580871582, 11.686321258544922, 7.10731315612793, 4.613453388214111, 11.762557029724121, 14.097585678100586, 4.631617546081543, 7.015458106994629, 13.244932174682617, 13.891674041748047, 5.847282409667969], "fid_scores": [8.32087516784668, 9.384855270385742, 7.423028469085693, 4.696924686431885, 6.9419050216674805, 4.568417072296143, 7.43841552734375, 5.1009368896484375, 5.1188883781433105, 6.082740306854248, 3.884335994720459, 4.478297233581543, 4.376461029052734, 6.550591468811035, 5.7732062339782715, 8.3662748336792, 4.597640037536621, 3.438708782196045, 5.187497138977051, 6.642176628112793, 5.072615146636963, 3.2810111045837402, 5.380407333374023, 4.595549583435059, 5.752461910247803, 5.439867973327637, 3.2843074798583984, 4.499947547912598, 6.154668807983398, 6.905611991882324]}