{"epochs": [0, 1, 2, 3, 4, 5, 6, 7, 8, 9, 10, 11, 12, 13, 14, 15, 16, 17, 18, 19, 20, 21, 22, 23, 24, 25, 26, 27, 28, 29], "loss": [32.06753347677463, 15.118915002737472, 12.687846579277185, 11.931661355724213, 11.227749903827334, 10.834444319515594, 10.49849850282486, 10.255960603766859, 10.005657234679916, 9.791640819517026, 9.768813126122774, 9.691352648013183, 9.562249371746201, 9.484959975488659, 9.401613528286216, 9.284815218911243, 9.335474349796645, 9.197656630453016, 9.244030615922485, 9.261682510375977, 9.096785103080116, 9.179083439841198, 9.132646307508066, 9.020764036727613, 9.026275908260711, 8.884595545624364, 8.983616471036411, 8.912151535945153, 8.985915970954814, 8.97529062787607], "val_loss": [22.342445373535156, 17.633716583251953, 9.966607093811035, 9.871854782104492, 10.022298812866211, 27.620162963867188, 14.36311149597168, 12.879327774047852, 6.556024551391602, 10.39941692352295, 6.3884382247924805, 12.018891334533691, 8.393117904663086, 9.077343940734863, 9.976110458374023, 12.003832817077637, 6.45554256439209, 9.049216270446777, 16.12017822265625, 8.1004638671875, 3.452904224395752, 6.647322654724121, 8.422931671142578, 12.147018432617188, 7.398506164550781, 14.601072311401367, 5.842539310455322, 8.535724639892578, 16.073644638061523, 9.241657257080078], "fid_scores": [22.79208755493164, 10.31901741027832, 7.931105613708496, 6.594115257263184, 3.8892951011657715, 4.824613571166992, 3.157310962677002, 5.735141277313232, 5.283146858215332, 4.987618923187256, 3.6226019859313965, 10.406020164489746, 5.276975154876709, 4.0232086181640625, 6.87716007232666, 4.184925079345703, 3.7715659141540527, 3.8634390830993652, 5.358870506286621, 7.426930904388428, 4.321751117706299, 4.802881717681885, 5.05505895614624, 3.842686891555786, 5.624711036682129, 4.5296173095703125, 3.7406818866729736, 4.709407329559326, 5.0333333015441895, 3.729755401611328]}